params_config_copy,final_num_active_users,final_treasury,total_rewards_paid,final_avg_balance,final_median_balance,final_gini_coefficient,users_broke_percent,total_actions_in_sim,avg_actions_per_active_user_per_step_overall,total_unique_word_instances_created,unique_popular_word_strings_count,total_popular_word_events,history_num_active_users,history_platform_attractiveness,POTENTIAL_USER_POOL_SIZE,INITIAL_ACTIVE_USERS,NUM_POLITICIANS,SIMULATION_STEPS,INITIAL_USER_BALANCE_MEAN,INITIAL_USER_BALANCE_STDDEV,COST_SUBMIT_FIRST_TIME_WORD,COST_AGREE_OR_RESUBMIT,REWARD_TO_ORIGINAL_SUBMITTER_SHARE,POPULARITY_DECAY_RATE,ENABLE_CHURN,CHURN_INACTIVITY_THRESHOLD_STEPS,CHURN_LOW_BALANCE_THRESHOLD_MULTIPLIER,CHURN_BASE_PROB_IF_CONDITIONS_MET,FINITE_DICTIONARY_SIZE,ZIPFIAN_ALPHA,INNOVATOR_OUT_OF_DICTIONARY_CHANCE,COMMON_WORD_VOCAB_SIZE,INNOVATOR_RARE_WORD_CHANCE,USER_ARCHETYPES_DIST,FOLLOWER_POPULARITY_BIAS_FACTOR,USER_ACTIVITY_RATE_ON_PLATFORM,INNOVATOR_PROB_NEW_CONCEPT,INNOVATOR_PROB_AGREE,FOLLOWER_PROB_NEW_CONCEPT,FOLLOWER_PROB_AGREE,BALANCED_PROB_NEW_CONCEPT,BALANCED_PROB_AGREE,BASE_ATTRACTIVENESS_NO_USERS,BASE_ATTRACTIVENESS_WITH_USERS,ATTRACT_REWARD_SENSITIVITY,ATTRACT_ACTIVITY_SENSITIVITY,ATTRACT_FAIRNESS_SENSITIVITY,ATTRACT_BALANCE_SENSITIVITY,POPULARITY_THRESHOLD_BASE,PLATFORM_RAKE_PERCENTAGE,EMPIRICAL_CASE_SCENARIO,CHURN_LOW_BALANCE_THRESHOLD,avg_score_for_combo
"{'POTENTIAL_USER_POOL_SIZE': 5000, 'INITIAL_ACTIVE_USERS': 50, 'NUM_POLITICIANS': 10, 'SIMULATION_STEPS': 40, 'INITIAL_USER_BALANCE_MEAN': 100, 'INITIAL_USER_BALANCE_STDDEV': 20, 'COST_SUBMIT_FIRST_TIME_WORD': 5, 'COST_AGREE_OR_RESUBMIT': 3, 'REWARD_TO_ORIGINAL_SUBMITTER_SHARE': 0.65, 'POPULARITY_DECAY_RATE': 0.025, 'ENABLE_CHURN': True, 'CHURN_INACTIVITY_THRESHOLD_STEPS': 15, 'CHURN_LOW_BALANCE_THRESHOLD_MULTIPLIER': 1.5, 'CHURN_BASE_PROB_IF_CONDITIONS_MET': 0.05, 'FINITE_DICTIONARY_SIZE': 500, 'ZIPFIAN_ALPHA': 1.1, 'INNOVATOR_OUT_OF_DICTIONARY_CHANCE': 0.05, 'COMMON_WORD_VOCAB_SIZE': 100, 'INNOVATOR_RARE_WORD_CHANCE': 0.1, 'USER_ARCHETYPES_DIST': {'Innovator': 0.2, 'Follower': 0.65, 'Balanced': 0.15}, 'FOLLOWER_POPULARITY_BIAS_FACTOR': 2.0, 'USER_ACTIVITY_RATE_ON_PLATFORM': 0.7, 'INNOVATOR_PROB_NEW_CONCEPT': 0.6, 'INNOVATOR_PROB_AGREE': 0.3, 'FOLLOWER_PROB_NEW_CONCEPT': 0.1, 'FOLLOWER_PROB_AGREE': 0.8, 'BALANCED_PROB_NEW_CONCEPT': 0.35, 'BALANCED_PROB_AGREE': 0.55, 'BASE_ATTRACTIVENESS_NO_USERS': 0.03, 'BASE_ATTRACTIVENESS_WITH_USERS': 0.02, 'ATTRACT_REWARD_SENSITIVITY': 0.3, 'ATTRACT_ACTIVITY_SENSITIVITY': 0.4, 'ATTRACT_FAIRNESS_SENSITIVITY': 0.15, 'ATTRACT_BALANCE_SENSITIVITY': 0.2, 'POPULARITY_THRESHOLD_BASE': 7, 'PLATFORM_RAKE_PERCENTAGE': 0.2, 'EMPIRICAL_CASE_SCENARIO': 'BaselineEngagement', 'CHURN_LOW_BALANCE_THRESHOLD': 4.5}",1328,9632.800000002604,4209.280000000052,67.79545586018779,68.40475743404485,0.24158120012356815,1.2801204819277108,15138,0.5931585752909369,1375,85,222,"[67, 86, 121, 155, 178, 200, 226, 253, 280, 308, 341, 362, 388, 406, 439, 468, 489, 514, 548, 582, 613, 648, 682, 717, 752, 788, 824, 860, 899, 932, 977, 1003, 1039, 1071, 1114, 1151, 1197, 1236, 1279, 1328]","[np.float64(0.30407274768178194), np.float64(0.3589239780732995), np.float64(0.5393795201173889), np.float64(0.4873945360608622), np.float64(0.46715378601331553), np.float64(0.47632581550400355), np.float64(0.4555341009489442), np.float64(0.4575396589536026), np.float64(0.42161584091428755), np.float64(0.4340868087499949), np.float64(0.44562372196605515), np.float64(0.41757414779403124), np.float64(0.42342095022430265), np.float64(0.4047989571703181), np.float64(0.42069955441169044), np.float64(0.41154184458465126), np.float64(0.4155745078501781), np.float64(0.41014378083144915), np.float64(0.4149109750355891), np.float64(0.41014820903841687), np.float64(0.4076625660056413), np.float64(0.4071714649326249), np.float64(0.4159601568150566), np.float64(0.41258425990005076), np.float64(0.4165186949490829), np.float64(0.40808625162108164), np.float64(0.40099887691197855), np.float64(0.40437494095111226), np.float64(0.40125499237911255), np.float64(0.4130311315663687), np.float64(0.40164378203986195), np.float64(0.4101040375661003), np.float64(0.40260463979125616), np.float64(0.40394884083285915), np.float64(0.4025421010605247), np.float64(0.4001229827039212), np.float64(0.39841448453468825), np.float64(0.41184860253904987), np.float64(0.40231254441027264), np.float64(0.38715181716521463)]",5000,50,10,40,100,20,5,3,0.65,0.025,True,15,1.5,0.05,500,1.1,0.05,100,0.1,"{'Innovator': 0.2, 'Follower': 0.65, 'Balanced': 0.15}",2.0,0.7,0.6,0.3,0.1,0.8,0.35,0.55,0.03,0.02,0.3,0.4,0.15,0.2,7,0.2,BaselineEngagement,4.5,2742.580738627059
"{'POTENTIAL_USER_POOL_SIZE': 5000, 'INITIAL_ACTIVE_USERS': 50, 'NUM_POLITICIANS': 10, 'SIMULATION_STEPS': 40, 'INITIAL_USER_BALANCE_MEAN': 100, 'INITIAL_USER_BALANCE_STDDEV': 20, 'COST_SUBMIT_FIRST_TIME_WORD': 5, 'COST_AGREE_OR_RESUBMIT': 3, 'REWARD_TO_ORIGINAL_SUBMITTER_SHARE': 0.65, 'POPULARITY_DECAY_RATE': 0.025, 'ENABLE_CHURN': True, 'CHURN_INACTIVITY_THRESHOLD_STEPS': 15, 'CHURN_LOW_BALANCE_THRESHOLD_MULTIPLIER': 1.5, 'CHURN_BASE_PROB_IF_CONDITIONS_MET': 0.05, 'FINITE_DICTIONARY_SIZE': 500, 'ZIPFIAN_ALPHA': 1.1, 'INNOVATOR_OUT_OF_DICTIONARY_CHANCE': 0.05, 'COMMON_WORD_VOCAB_SIZE': 100, 'INNOVATOR_RARE_WORD_CHANCE': 0.1, 'USER_ARCHETYPES_DIST': {'Innovator': 0.25, 'Follower': 0.55, 'Balanced': 0.2}, 'FOLLOWER_POPULARITY_BIAS_FACTOR': 1.8, 'USER_ACTIVITY_RATE_ON_PLATFORM': 0.8, 'INNOVATOR_PROB_NEW_CONCEPT': 0.65, 'INNOVATOR_PROB_AGREE': 0.25, 'FOLLOWER_PROB_NEW_CONCEPT': 0.15, 'FOLLOWER_PROB_AGREE': 0.75, 'BALANCED_PROB_NEW_CONCEPT': 0.4, 'BALANCED_PROB_AGREE': 0.5, 'BASE_ATTRACTIVENESS_NO_USERS': 0.05, 'BASE_ATTRACTIVENESS_WITH_USERS': 0.03, 'ATTRACT_REWARD_SENSITIVITY': 0.5, 'ATTRACT_ACTIVITY_SENSITIVITY': 0.5, 'ATTRACT_FAIRNESS_SENSITIVITY': 0.2, 'ATTRACT_BALANCE_SENSITIVITY': 0.3, 'POPULARITY_THRESHOLD_BASE': 7, 'PLATFORM_RAKE_PERCENTAGE': 0.2, 'EMPIRICAL_CASE_SCENARIO': 'HighEngagement_RewardDriven', 'CHURN_LOW_BALANCE_THRESHOLD': 4.5}",1702,13530.400000004645,7181.040000000116,65.45129207040016,65.4429842699996,0.2691516523870594,1.9976498237367801,21128,0.6761176357643445,2134,143,378,"[68, 96, 136, 165, 193, 225, 256, 280, 320, 350, 385, 419, 455, 492, 523, 559, 595, 637, 674, 710, 748, 785, 824, 858, 904, 954, 996, 1041, 1082, 1136, 1190, 1239, 1280, 1340, 1405, 1473, 1526, 1584, 1644, 1702]","[np.float64(0.4765050942871896), np.float64(0.5368566472666918), np.float64(0.7371648093987209), np.float64(0.5863755734460214), np.float64(0.498965954782198), np.float64(0.5596740917210916), np.float64(0.5377451262723233), np.float64(0.49354309508632926), np.float64(0.5035838248437188), np.float64(0.49388771683288957), np.float64(0.4765073083852264), np.float64(0.51300924747628), np.float64(0.4703633148498588), np.float64(0.48798055276675645), np.float64(0.4630611495226616), np.float64(0.4843367396801625), np.float64(0.4967633228062317), np.float64(0.47324929971988794), np.float64(0.4553270538984825), np.float64(0.49033630069238376), np.float64(0.4607981220657277), np.float64(0.4674331550802139), np.float64(0.47450106157112526), np.float64(0.468673139158576), np.float64(0.4593473193473193), np.float64(0.4686430678466077), np.float64(0.4685744234800838), np.float64(0.4800669344042837), np.float64(0.4539513288504643), np.float64(0.46832409118915586), np.float64(0.4600469483568075), np.float64(0.47414565826330535), np.float64(0.46485068603712665), np.float64(0.47135416666666663), np.float64(0.4646268656716418), np.float64(0.4651987016701935), np.float64(0.46934081087110885), np.float64(0.46013338463988096), np.float64(0.474674339315995), np.float64(0.4648825338802209)]",5000,50,10,40,100,20,5,3,0.65,0.025,True,15,1.5,0.05,500,1.1,0.05,100,0.1,"{'Innovator': 0.25, 'Follower': 0.55, 'Balanced': 0.2}",1.8,0.8,0.65,0.25,0.15,0.75,0.4,0.5,0.05,0.03,0.5,0.5,0.2,0.3,7,0.2,HighEngagement_RewardDriven,4.5,4896.474269342148
"{'POTENTIAL_USER_POOL_SIZE': 5000, 'INITIAL_ACTIVE_USERS': 50, 'NUM_POLITICIANS': 10, 'SIMULATION_STEPS': 40, 'INITIAL_USER_BALANCE_MEAN': 100, 'INITIAL_USER_BALANCE_STDDEV': 20, 'COST_SUBMIT_FIRST_TIME_WORD': 5, 'COST_AGREE_OR_RESUBMIT': 3, 'REWARD_TO_ORIGINAL_SUBMITTER_SHARE': 0.65, 'POPULARITY_DECAY_RATE': 0.025, 'ENABLE_CHURN': True, 'CHURN_INACTIVITY_THRESHOLD_STEPS': 15, 'CHURN_LOW_BALANCE_THRESHOLD_MULTIPLIER': 1.5, 'CHURN_BASE_PROB_IF_CONDITIONS_MET': 0.05, 'FINITE_DICTIONARY_SIZE': 500, 'ZIPFIAN_ALPHA': 1.1, 'INNOVATOR_OUT_OF_DICTIONARY_CHANCE': 0.05, 'COMMON_WORD_VOCAB_SIZE': 100, 'INNOVATOR_RARE_WORD_CHANCE': 0.1, 'USER_ARCHETYPES_DIST': {'Innovator': 0.1, 'Follower': 0.75, 'Balanced': 0.15}, 'FOLLOWER_POPULARITY_BIAS_FACTOR': 2.5, 'USER_ACTIVITY_RATE_ON_PLATFORM': 0.55, 'INNOVATOR_PROB_NEW_CONCEPT': 0.5, 'INNOVATOR_PROB_AGREE': 0.4, 'FOLLOWER_PROB_NEW_CONCEPT': 0.05, 'FOLLOWER_PROB_AGREE': 0.85, 'BALANCED_PROB_NEW_CONCEPT': 0.25, 'BALANCED_PROB_AGREE': 0.65, 'BASE_ATTRACTIVENESS_NO_USERS': 0.01, 'BASE_ATTRACTIVENESS_WITH_USERS': 0.005, 'ATTRACT_REWARD_SENSITIVITY': 0.2, 'ATTRACT_ACTIVITY_SENSITIVITY': 0.2, 'ATTRACT_FAIRNESS_SENSITIVITY': 0.1, 'ATTRACT_BALANCE_SENSITIVITY': 0.1, 'POPULARITY_THRESHOLD_BASE': 7, 'PLATFORM_RAKE_PERCENTAGE': 0.2, 'EMPIRICAL_CASE_SCENARIO': 'CautiousFollowers_LowActivity', 'CHURN_LOW_BALANCE_THRESHOLD': 4.5}",535,3626.9999999996708,1089.7666666666653,69.21303688829029,70.74941812348422,0.23297512897997255,0.5607476635514018,5743,0.46847214291540906,453,27,57,"[54, 65, 80, 105, 124, 141, 150, 159, 169, 178, 192, 205, 219, 229, 239, 256, 264, 276, 291, 300, 310, 322, 331, 348, 361, 378, 390, 399, 411, 424, 438, 445, 465, 475, 488, 496, 505, 516, 526, 535]","[np.float64(0.11267198988326876), np.float64(0.13750117301457668), np.float64(0.20496198991105327), np.float64(0.28215770420433717), np.float64(0.24513288280998977), np.float64(0.2354427008580099), np.float64(0.22180485591757396), np.float64(0.20343153783168633), np.float64(0.1931408053248034), np.float64(0.19354626873668213), np.float64(0.19907692635356103), np.float64(0.19521401405689565), np.float64(0.19632136882938778), np.float64(0.19399032913590375), np.float64(0.20092989567243477), np.float64(0.20027207569242395), np.float64(0.20035773887738112), np.float64(0.19034757116470225), np.float64(0.19882771941097707), np.float64(0.20083365627750124), np.float64(0.19302823239580616), np.float64(0.1996728434297447), np.float64(0.1994601221635558), np.float64(0.19135161328765427), np.float64(0.19240798196489278), np.float64(0.18815938978240915), np.float64(0.19207351186815758), np.float64(0.18871021222385534), np.float64(0.18570439515039822), np.float64(0.19214724383813442), np.float64(0.18669838762221636), np.float64(0.19267839168116452), np.float64(0.1883133315072855), np.float64(0.17997112793913772), np.float64(0.1808348280164332), np.float64(0.18835450273263532), np.float64(0.18830305401582703), np.float64(0.1926043306113902), np.float64(0.1877419581731356), np.float64(0.18171162557657225)]",5000,50,10,40,100,20,5,3,0.65,0.025,True,15,1.5,0.05,500,1.1,0.05,100,0.1,"{'Innovator': 0.1, 'Follower': 0.75, 'Balanced': 0.15}",2.5,0.55,0.5,0.4,0.05,0.85,0.25,0.65,0.01,0.005,0.2,0.2,0.1,0.1,7,0.2,CautiousFollowers_LowActivity,4.5,-1403.3778023914506
"{'POTENTIAL_USER_POOL_SIZE': 5000, 'INITIAL_ACTIVE_USERS': 50, 'NUM_POLITICIANS': 10, 'SIMULATION_STEPS': 40, 'INITIAL_USER_BALANCE_MEAN': 100, 'INITIAL_USER_BALANCE_STDDEV': 20, 'COST_SUBMIT_FIRST_TIME_WORD': 5, 'COST_AGREE_OR_RESUBMIT': 3, 'REWARD_TO_ORIGINAL_SUBMITTER_SHARE': 0.65, 'POPULARITY_DECAY_RATE': 0.025, 'ENABLE_CHURN': True, 'CHURN_INACTIVITY_THRESHOLD_STEPS': 15, 'CHURN_LOW_BALANCE_THRESHOLD_MULTIPLIER': 1.5, 'CHURN_BASE_PROB_IF_CONDITIONS_MET': 0.05, 'FINITE_DICTIONARY_SIZE': 500, 'ZIPFIAN_ALPHA': 1.1, 'INNOVATOR_OUT_OF_DICTIONARY_CHANCE': 0.05, 'COMMON_WORD_VOCAB_SIZE': 100, 'INNOVATOR_RARE_WORD_CHANCE': 0.1, 'USER_ARCHETYPES_DIST': {'Innovator': 0.2, 'Follower': 0.65, 'Balanced': 0.15}, 'FOLLOWER_POPULARITY_BIAS_FACTOR': 2.0, 'USER_ACTIVITY_RATE_ON_PLATFORM': 0.7, 'INNOVATOR_PROB_NEW_CONCEPT': 0.6, 'INNOVATOR_PROB_AGREE': 0.3, 'FOLLOWER_PROB_NEW_CONCEPT': 0.1, 'FOLLOWER_PROB_AGREE': 0.8, 'BALANCED_PROB_NEW_CONCEPT': 0.35, 'BALANCED_PROB_AGREE': 0.55, 'BASE_ATTRACTIVENESS_NO_USERS': 0.03, 'BASE_ATTRACTIVENESS_WITH_USERS': 0.02, 'ATTRACT_REWARD_SENSITIVITY': 0.3, 'ATTRACT_ACTIVITY_SENSITIVITY': 0.4, 'ATTRACT_FAIRNESS_SENSITIVITY': 0.15, 'ATTRACT_BALANCE_SENSITIVITY': 0.2, 'POPULARITY_THRESHOLD_BASE': 7, 'PLATFORM_RAKE_PERCENTAGE': 0.4, 'EMPIRICAL_CASE_SCENARIO': 'BaselineEngagement', 'CHURN_LOW_BALANCE_THRESHOLD': 4.5}",1284,19054.0000000051,3174.4500000000353,66.91861439537897,67.32276632057736,0.254810313714366,1.4797507788161994,14917,0.5945870535714286,1442,80,224,"[60, 89, 114, 144, 166, 197, 225, 252, 281, 316, 339, 360, 384, 416, 446, 471, 503, 532, 555, 583, 617, 652, 670, 705, 737, 775, 808, 843, 883, 912, 947, 978, 1011, 1047, 1084, 1119, 1157, 1192, 1234, 1284]","[np.float64(0.2694986348075423), np.float64(0.4781980203973268), np.float64(0.5332339297924386), np.float64(0.4661560366274483), np.float64(0.45161514652277857), np.float64(0.43685345548032634), np.float64(0.43580527830584015), np.float64(0.4524272727080487), np.float64(0.4251025101723357), np.float64(0.4173801172513461), np.float64(0.43724158114160866), np.float64(0.4336670623377609), np.float64(0.4213586668144936), np.float64(0.42132323683684314), np.float64(0.42131037194594734), np.float64(0.4090535469888152), np.float64(0.4054655372868678), np.float64(0.41459977099755224), np.float64(0.4015222371340945), np.float64(0.405646862856831), np.float64(0.3990256097982325), np.float64(0.4074548412909332), np.float64(0.3966974792090113), np.float64(0.39867006825430107), np.float64(0.41407262807805173), np.float64(0.40747924408823816), np.float64(0.4074028547258842), np.float64(0.4064884038347245), np.float64(0.3979637352077002), np.float64(0.39381081476333996), np.float64(0.4103703318266486), np.float64(0.391128984060978), np.float64(0.395202035871984), np.float64(0.40929370486250805), np.float64(0.39846654543930216), np.float64(0.39984622536727915), np.float64(0.3963326797246451), np.float64(0.3932787957922811), np.float64(0.388178637891459), np.float64(0.3980717324553049)]",5000,50,10,40,100,20,5,3,0.65,0.025,True,15,1.5,0.05,500,1.1,0.05,100,0.1,"{'Innovator': 0.2, 'Follower': 0.65, 'Balanced': 0.15}",2.0,0.7,0.6,0.3,0.1,0.8,0.35,0.55,0.03,0.02,0.3,0.4,0.15,0.2,7,0.4,BaselineEngagement,4.5,2578.953997155003
"{'POTENTIAL_USER_POOL_SIZE': 5000, 'INITIAL_ACTIVE_USERS': 50, 'NUM_POLITICIANS': 10, 'SIMULATION_STEPS': 40, 'INITIAL_USER_BALANCE_MEAN': 100, 'INITIAL_USER_BALANCE_STDDEV': 20, 'COST_SUBMIT_FIRST_TIME_WORD': 5, 'COST_AGREE_OR_RESUBMIT': 3, 'REWARD_TO_ORIGINAL_SUBMITTER_SHARE': 0.65, 'POPULARITY_DECAY_RATE': 0.025, 'ENABLE_CHURN': True, 'CHURN_INACTIVITY_THRESHOLD_STEPS': 15, 'CHURN_LOW_BALANCE_THRESHOLD_MULTIPLIER': 1.5, 'CHURN_BASE_PROB_IF_CONDITIONS_MET': 0.05, 'FINITE_DICTIONARY_SIZE': 500, 'ZIPFIAN_ALPHA': 1.1, 'INNOVATOR_OUT_OF_DICTIONARY_CHANCE': 0.05, 'COMMON_WORD_VOCAB_SIZE': 100, 'INNOVATOR_RARE_WORD_CHANCE': 0.1, 'USER_ARCHETYPES_DIST': {'Innovator': 0.25, 'Follower': 0.55, 'Balanced': 0.2}, 'FOLLOWER_POPULARITY_BIAS_FACTOR': 1.8, 'USER_ACTIVITY_RATE_ON_PLATFORM': 0.8, 'INNOVATOR_PROB_NEW_CONCEPT': 0.65, 'INNOVATOR_PROB_AGREE': 0.25, 'FOLLOWER_PROB_NEW_CONCEPT': 0.15, 'FOLLOWER_PROB_AGREE': 0.75, 'BALANCED_PROB_NEW_CONCEPT': 0.4, 'BALANCED_PROB_AGREE': 0.5, 'BASE_ATTRACTIVENESS_NO_USERS': 0.05, 'BASE_ATTRACTIVENESS_WITH_USERS': 0.03, 'ATTRACT_REWARD_SENSITIVITY': 0.5, 'ATTRACT_ACTIVITY_SENSITIVITY': 0.5, 'ATTRACT_FAIRNESS_SENSITIVITY': 0.2, 'ATTRACT_BALANCE_SENSITIVITY': 0.3, 'POPULARITY_THRESHOLD_BASE': 7, 'PLATFORM_RAKE_PERCENTAGE': 0.4, 'EMPIRICAL_CASE_SCENARIO': 'HighEngagement_RewardDriven', 'CHURN_LOW_BALANCE_THRESHOLD': 4.5}",1655,26518.000000009055,5721.869999999748,64.12117925048783,64.25534948013475,0.2764320447925864,2.29607250755287,20739,0.6782105366427941,2039,137,401,"[78, 111, 141, 174, 198, 233, 268, 293, 322, 349, 380, 410, 446, 477, 508, 537, 568, 608, 642, 683, 725, 764, 804, 846, 886, 928, 979, 1016, 1063, 1101, 1157, 1210, 1276, 1321, 1375, 1427, 1483, 1538, 1599, 1655]","[np.float64(0.4311252776055603), np.float64(0.5804843795085377), np.float64(0.594865405016817), np.float64(0.5386669530529737), np.float64(0.48356695054448534), np.float64(0.514454768084989), np.float64(0.508187877880757), np.float64(0.4737983197422549), np.float64(0.5006223994357445), np.float64(0.4790104798415526), np.float64(0.46607947170346475), np.float64(0.4727633672217315), np.float64(0.4627860723489445), np.float64(0.4626946953271094), np.float64(0.4483696238819507), np.float64(0.46024834873979686), np.float64(0.4494069028918966), np.float64(0.4426760563380282), np.float64(0.45796052631578943), np.float64(0.4564797507788162), np.float64(0.4540117130307467), np.float64(0.4522068965517241), np.float64(0.46246073298429313), np.float64(0.47651741293532335), np.float64(0.46711583924349886), np.float64(0.4673589164785553), np.float64(0.4783836206896551), np.float64(0.4701276813074565), np.float64(0.45352362204724406), np.float64(0.4681937911571026), np.float64(0.46451407811080836), np.float64(0.4713137424373379), np.float64(0.4587603305785124), np.float64(0.4610227272727273), np.float64(0.46553160469085897), np.float64(0.46735724880067364), np.float64(0.4712959089999883), np.float64(0.4688260731874946), np.float64(0.4574313578766508), np.float64(0.44746889338463636)]",5000,50,10,40,100,20,5,3,0.65,0.025,True,15,1.5,0.05,500,1.1,0.05,100,0.1,"{'Innovator': 0.25, 'Follower': 0.55, 'Balanced': 0.2}",1.8,0.8,0.65,0.25,0.15,0.75,0.4,0.5,0.05,0.03,0.5,0.5,0.2,0.3,7,0.4,HighEngagement_RewardDriven,4.5,4784.583384905877
"{'POTENTIAL_USER_POOL_SIZE': 5000, 'INITIAL_ACTIVE_USERS': 50, 'NUM_POLITICIANS': 10, 'SIMULATION_STEPS': 40, 'INITIAL_USER_BALANCE_MEAN': 100, 'INITIAL_USER_BALANCE_STDDEV': 20, 'COST_SUBMIT_FIRST_TIME_WORD': 5, 'COST_AGREE_OR_RESUBMIT': 3, 'REWARD_TO_ORIGINAL_SUBMITTER_SHARE': 0.65, 'POPULARITY_DECAY_RATE': 0.025, 'ENABLE_CHURN': True, 'CHURN_INACTIVITY_THRESHOLD_STEPS': 15, 'CHURN_LOW_BALANCE_THRESHOLD_MULTIPLIER': 1.5, 'CHURN_BASE_PROB_IF_CONDITIONS_MET': 0.05, 'FINITE_DICTIONARY_SIZE': 500, 'ZIPFIAN_ALPHA': 1.1, 'INNOVATOR_OUT_OF_DICTIONARY_CHANCE': 0.05, 'COMMON_WORD_VOCAB_SIZE': 100, 'INNOVATOR_RARE_WORD_CHANCE': 0.1, 'USER_ARCHETYPES_DIST': {'Innovator': 0.1, 'Follower': 0.75, 'Balanced': 0.15}, 'FOLLOWER_POPULARITY_BIAS_FACTOR': 2.5, 'USER_ACTIVITY_RATE_ON_PLATFORM': 0.55, 'INNOVATOR_PROB_NEW_CONCEPT': 0.5, 'INNOVATOR_PROB_AGREE': 0.4, 'FOLLOWER_PROB_NEW_CONCEPT': 0.05, 'FOLLOWER_PROB_AGREE': 0.85, 'BALANCED_PROB_NEW_CONCEPT': 0.25, 'BALANCED_PROB_AGREE': 0.65, 'BASE_ATTRACTIVENESS_NO_USERS': 0.01, 'BASE_ATTRACTIVENESS_WITH_USERS': 0.005, 'ATTRACT_REWARD_SENSITIVITY': 0.2, 'ATTRACT_ACTIVITY_SENSITIVITY': 0.2, 'ATTRACT_FAIRNESS_SENSITIVITY': 0.1, 'ATTRACT_BALANCE_SENSITIVITY': 0.1, 'POPULARITY_THRESHOLD_BASE': 7, 'PLATFORM_RAKE_PERCENTAGE': 0.4, 'EMPIRICAL_CASE_SCENARIO': 'CautiousFollowers_LowActivity', 'CHURN_LOW_BALANCE_THRESHOLD': 4.5}",511,6388.3999999994585,873.8525000000053,71.87004982062258,71.63083077947967,0.20540065919813225,0.19569471624266144,5061,0.4655933762649494,394,33,61,"[58, 67, 79, 88, 98, 107, 120, 131, 141, 148, 160, 171, 182, 193, 199, 210, 222, 233, 242, 257, 269, 279, 292, 310, 326, 336, 346, 359, 369, 382, 393, 403, 422, 431, 440, 456, 467, 477, 496, 511]","[np.float64(0.14486927018737822), np.float64(0.15238145234738462), np.float64(0.21261384941321382), np.float64(0.2176445866977242), np.float64(0.26356317745036933), np.float64(0.19312440286423374), np.float64(0.2223408786513102), np.float64(0.20819631895490817), np.float64(0.20354113235766602), np.float64(0.2088761243715443), np.float64(0.21358021745586386), np.float64(0.1970299376168248), np.float64(0.20891147476305869), np.float64(0.20788021839870308), np.float64(0.19769713176811335), np.float64(0.1992506518276505), np.float64(0.19492147821427297), np.float64(0.20534452563104488), np.float64(0.20315198578568588), np.float64(0.2019126538854663), np.float64(0.20017407959548605), np.float64(0.20640191333607133), np.float64(0.18903966266732045), np.float64(0.2009816230524101), np.float64(0.19374391505698166), np.float64(0.1972226176566599), np.float64(0.19125578766680235), np.float64(0.19332992654022982), np.float64(0.1874126020069132), np.float64(0.19017143070563536), np.float64(0.18916669105188594), np.float64(0.1890301249622489), np.float64(0.1930880748277758), np.float64(0.19756948206178734), np.float64(0.1956818883987192), np.float64(0.18584935327280777), np.float64(0.18550352731145253), np.float64(0.18240888499849178), np.float64(0.19001782550493374), np.float64(0.18384770521264732)]",5000,50,10,40,100,20,5,3,0.65,0.025,True,15,1.5,0.05,500,1.1,0.05,100,0.1,"{'Innovator': 0.1, 'Follower': 0.75, 'Balanced': 0.15}",2.5,0.55,0.5,0.4,0.05,0.85,0.25,0.65,0.01,0.005,0.2,0.2,0.1,0.1,7,0.4,CautiousFollowers_LowActivity,4.5,-1313.791868383617
"{'POTENTIAL_USER_POOL_SIZE': 5000, 'INITIAL_ACTIVE_USERS': 50, 'NUM_POLITICIANS': 10, 'SIMULATION_STEPS': 40, 'INITIAL_USER_BALANCE_MEAN': 100, 'INITIAL_USER_BALANCE_STDDEV': 20, 'COST_SUBMIT_FIRST_TIME_WORD': 5, 'COST_AGREE_OR_RESUBMIT': 3, 'REWARD_TO_ORIGINAL_SUBMITTER_SHARE': 0.65, 'POPULARITY_DECAY_RATE': 0.025, 'ENABLE_CHURN': True, 'CHURN_INACTIVITY_THRESHOLD_STEPS': 15, 'CHURN_LOW_BALANCE_THRESHOLD_MULTIPLIER': 1.5, 'CHURN_BASE_PROB_IF_CONDITIONS_MET': 0.05, 'FINITE_DICTIONARY_SIZE': 500, 'ZIPFIAN_ALPHA': 1.1, 'INNOVATOR_OUT_OF_DICTIONARY_CHANCE': 0.05, 'COMMON_WORD_VOCAB_SIZE': 100, 'INNOVATOR_RARE_WORD_CHANCE': 0.1, 'USER_ARCHETYPES_DIST': {'Innovator': 0.2, 'Follower': 0.65, 'Balanced': 0.15}, 'FOLLOWER_POPULARITY_BIAS_FACTOR': 2.0, 'USER_ACTIVITY_RATE_ON_PLATFORM': 0.7, 'INNOVATOR_PROB_NEW_CONCEPT': 0.6, 'INNOVATOR_PROB_AGREE': 0.3, 'FOLLOWER_PROB_NEW_CONCEPT': 0.1, 'FOLLOWER_PROB_AGREE': 0.8, 'BALANCED_PROB_NEW_CONCEPT': 0.35, 'BALANCED_PROB_AGREE': 0.55, 'BASE_ATTRACTIVENESS_NO_USERS': 0.03, 'BASE_ATTRACTIVENESS_WITH_USERS': 0.02, 'ATTRACT_REWARD_SENSITIVITY': 0.3, 'ATTRACT_ACTIVITY_SENSITIVITY': 0.4, 'ATTRACT_FAIRNESS_SENSITIVITY': 0.15, 'ATTRACT_BALANCE_SENSITIVITY': 0.2, 'POPULARITY_THRESHOLD_BASE': 15, 'PLATFORM_RAKE_PERCENTAGE': 0.2, 'EMPIRICAL_CASE_SCENARIO': 'BaselineEngagement', 'CHURN_LOW_BALANCE_THRESHOLD': 4.5}",1414,10240.800000002926,2744.376666666678,67.13596633273555,67.91738838561213,0.2517651629774233,0.9193776520509194,16114,0.5954474909467149,1431,17,70,"[74, 90, 108, 138, 176, 210, 244, 273, 300, 331, 355, 386, 413, 432, 464, 494, 532, 565, 585, 610, 641, 678, 719, 753, 798, 835, 867, 900, 943, 981, 1026, 1068, 1108, 1145, 1195, 1239, 1279, 1329, 1364, 1414]","[np.float64(0.34686896676363266), np.float64(0.3502804888342946), np.float64(0.41252523385017703), np.float64(0.424301541860956), np.float64(0.6615232360229635), np.float64(0.45677430777995554), np.float64(0.4800744490477945), np.float64(0.4279284594013587), np.float64(0.4224632855481393), np.float64(0.4220066683853733), np.float64(0.41896222651079057), np.float64(0.41233452582616203), np.float64(0.4130795590273895), np.float64(0.43117644040818187), np.float64(0.43490888432763314), np.float64(0.407098974316378), np.float64(0.428315962933011), np.float64(0.4061867307073812), np.float64(0.40098526674481877), np.float64(0.4114053114372282), np.float64(0.40068840650553134), np.float64(0.40153107009459654), np.float64(0.40023065894665605), np.float64(0.394071552688283), np.float64(0.4147803351432543), np.float64(0.40239075981518957), np.float64(0.40821910486509094), np.float64(0.39140246439852017), np.float64(0.3990944026337983), np.float64(0.39399824318926596), np.float64(0.4173815507614551), np.float64(0.39602661135877315), np.float64(0.3908032871349021), np.float64(0.3895910203069676), np.float64(0.4055995020691713), np.float64(0.39402495076148314), np.float64(0.3955476744604737), np.float64(0.3896621783194963), np.float64(0.3856632160943567), np.float64(0.3871131992212275)]",5000,50,10,40,100,20,5,3,0.65,0.025,True,15,1.5,0.05,500,1.1,0.05,100,0.1,"{'Innovator': 0.2, 'Follower': 0.65, 'Balanced': 0.15}",2.0,0.7,0.6,0.3,0.1,0.8,0.35,0.55,0.03,0.02,0.3,0.4,0.15,0.2,15,0.2,BaselineEngagement,4.5,2401.18754155803
"{'POTENTIAL_USER_POOL_SIZE': 5000, 'INITIAL_ACTIVE_USERS': 50, 'NUM_POLITICIANS': 10, 'SIMULATION_STEPS': 40, 'INITIAL_USER_BALANCE_MEAN': 100, 'INITIAL_USER_BALANCE_STDDEV': 20, 'COST_SUBMIT_FIRST_TIME_WORD': 5, 'COST_AGREE_OR_RESUBMIT': 3, 'REWARD_TO_ORIGINAL_SUBMITTER_SHARE': 0.65, 'POPULARITY_DECAY_RATE': 0.025, 'ENABLE_CHURN': True, 'CHURN_INACTIVITY_THRESHOLD_STEPS': 15, 'CHURN_LOW_BALANCE_THRESHOLD_MULTIPLIER': 1.5, 'CHURN_BASE_PROB_IF_CONDITIONS_MET': 0.05, 'FINITE_DICTIONARY_SIZE': 500, 'ZIPFIAN_ALPHA': 1.1, 'INNOVATOR_OUT_OF_DICTIONARY_CHANCE': 0.05, 'COMMON_WORD_VOCAB_SIZE': 100, 'INNOVATOR_RARE_WORD_CHANCE': 0.1, 'USER_ARCHETYPES_DIST': {'Innovator': 0.25, 'Follower': 0.55, 'Balanced': 0.2}, 'FOLLOWER_POPULARITY_BIAS_FACTOR': 1.8, 'USER_ACTIVITY_RATE_ON_PLATFORM': 0.8, 'INNOVATOR_PROB_NEW_CONCEPT': 0.65, 'INNOVATOR_PROB_AGREE': 0.25, 'FOLLOWER_PROB_NEW_CONCEPT': 0.15, 'FOLLOWER_PROB_AGREE': 0.75, 'BALANCED_PROB_NEW_CONCEPT': 0.4, 'BALANCED_PROB_AGREE': 0.5, 'BASE_ATTRACTIVENESS_NO_USERS': 0.05, 'BASE_ATTRACTIVENESS_WITH_USERS': 0.03, 'ATTRACT_REWARD_SENSITIVITY': 0.5, 'ATTRACT_ACTIVITY_SENSITIVITY': 0.5, 'ATTRACT_FAIRNESS_SENSITIVITY': 0.2, 'ATTRACT_BALANCE_SENSITIVITY': 0.3, 'POPULARITY_THRESHOLD_BASE': 15, 'PLATFORM_RAKE_PERCENTAGE': 0.2, 'EMPIRICAL_CASE_SCENARIO': 'HighEngagement_RewardDriven', 'CHURN_LOW_BALANCE_THRESHOLD': 4.5}",1661,13479.600000004612,4680.1006666666235,62.8557005585556,64.2255005692816,0.280060220086967,2.7092113184828417,21012,0.6788356540561497,2181,26,123,"[75, 97, 119, 141, 180, 216, 251, 283, 323, 354, 391, 419, 448, 481, 506, 547, 582, 616, 661, 702, 745, 782, 832, 872, 924, 970, 1019, 1058, 1102, 1136, 1183, 1229, 1275, 1333, 1381, 1432, 1486, 1541, 1600, 1661]","[np.float64(0.4470202599310248), np.float64(0.48557911161797884), np.float64(0.4789944653269111), np.float64(0.47138643633745425), np.float64(0.7038820653793955), np.float64(0.5774019649070008), np.float64(0.5353242892012017), np.float64(0.5188053829475535), np.float64(0.5409683350012128), np.float64(0.47986033398599826), np.float64(0.5104882671198078), np.float64(0.46732526050701645), np.float64(0.476613390857457), np.float64(0.44225949870363274), np.float64(0.4511339162750142), np.float64(0.472302122980304), np.float64(0.4783559284841771), np.float64(0.4407674684994273), np.float64(0.4503463203463204), np.float64(0.45844175491679273), np.float64(0.43000000000000005), np.float64(0.4389485458612975), np.float64(0.46358908780903674), np.float64(0.4691025641025641), np.float64(0.45903720693170236), np.float64(0.45712842712842716), np.float64(0.46297680412371134), np.float64(0.4365423617926071), np.float64(0.44890359168241967), np.float64(0.4663403912079048), np.float64(0.44103286384976526), np.float64(0.4679719639335024), np.float64(0.45704167796763406), np.float64(0.4705751633986929), np.float64(0.458399156464794), np.float64(0.44249774804555453), np.float64(0.4459002141426761), np.float64(0.44681403930522656), np.float64(0.4454729089811217), np.float64(0.44769290185718535)]",5000,50,10,40,100,20,5,3,0.65,0.025,True,15,1.5,0.05,500,1.1,0.05,100,0.1,"{'Innovator': 0.25, 'Follower': 0.55, 'Balanced': 0.2}",1.8,0.8,0.65,0.25,0.15,0.75,0.4,0.5,0.05,0.03,0.5,0.5,0.2,0.3,15,0.2,HighEngagement_RewardDriven,4.5,3909.1658027170893
"{'POTENTIAL_USER_POOL_SIZE': 5000, 'INITIAL_ACTIVE_USERS': 50, 'NUM_POLITICIANS': 10, 'SIMULATION_STEPS': 40, 'INITIAL_USER_BALANCE_MEAN': 100, 'INITIAL_USER_BALANCE_STDDEV': 20, 'COST_SUBMIT_FIRST_TIME_WORD': 5, 'COST_AGREE_OR_RESUBMIT': 3, 'REWARD_TO_ORIGINAL_SUBMITTER_SHARE': 0.65, 'POPULARITY_DECAY_RATE': 0.025, 'ENABLE_CHURN': True, 'CHURN_INACTIVITY_THRESHOLD_STEPS': 15, 'CHURN_LOW_BALANCE_THRESHOLD_MULTIPLIER': 1.5, 'CHURN_BASE_PROB_IF_CONDITIONS_MET': 0.05, 'FINITE_DICTIONARY_SIZE': 500, 'ZIPFIAN_ALPHA': 1.1, 'INNOVATOR_OUT_OF_DICTIONARY_CHANCE': 0.05, 'COMMON_WORD_VOCAB_SIZE': 100, 'INNOVATOR_RARE_WORD_CHANCE': 0.1, 'USER_ARCHETYPES_DIST': {'Innovator': 0.1, 'Follower': 0.75, 'Balanced': 0.15}, 'FOLLOWER_POPULARITY_BIAS_FACTOR': 2.5, 'USER_ACTIVITY_RATE_ON_PLATFORM': 0.55, 'INNOVATOR_PROB_NEW_CONCEPT': 0.5, 'INNOVATOR_PROB_AGREE': 0.4, 'FOLLOWER_PROB_NEW_CONCEPT': 0.05, 'FOLLOWER_PROB_AGREE': 0.85, 'BALANCED_PROB_NEW_CONCEPT': 0.25, 'BALANCED_PROB_AGREE': 0.65, 'BASE_ATTRACTIVENESS_NO_USERS': 0.01, 'BASE_ATTRACTIVENESS_WITH_USERS': 0.005, 'ATTRACT_REWARD_SENSITIVITY': 0.2, 'ATTRACT_ACTIVITY_SENSITIVITY': 0.2, 'ATTRACT_FAIRNESS_SENSITIVITY': 0.1, 'ATTRACT_BALANCE_SENSITIVITY': 0.1, 'POPULARITY_THRESHOLD_BASE': 15, 'PLATFORM_RAKE_PERCENTAGE': 0.2, 'EMPIRICAL_CASE_SCENARIO': 'CautiousFollowers_LowActivity', 'CHURN_LOW_BALANCE_THRESHOLD': 4.5}",555,3581.3999999996754,831.2000000000029,69.75137596991463,69.36347857363828,0.22593573263737055,0.18018018018018017,5687,0.4712072251222139,423,13,20,"[53, 64, 71, 81, 95, 112, 128, 148, 162, 173, 191, 205, 219, 232, 245, 261, 271, 280, 290, 300, 315, 324, 333, 345, 360, 371, 379, 385, 400, 412, 424, 436, 451, 464, 474, 490, 507, 527, 536, 555]","[np.float64(0.15051825651267794), np.float64(0.18027836888196422), np.float64(0.17997474910424235), np.float64(0.1864145721157973), np.float64(0.22161022078292927), np.float64(0.24539202449678954), np.float64(0.2664629155109967), np.float64(0.2748802378967287), np.float64(0.21870752853708736), np.float64(0.20829658257881697), np.float64(0.2148181017395209), np.float64(0.20772620048338186), np.float64(0.20025325828373733), np.float64(0.20016101385397758), np.float64(0.21107874703412532), np.float64(0.2008033232833986), np.float64(0.2021162149093213), np.float64(0.19970617618074843), np.float64(0.19568147116445783), np.float64(0.19571141590884392), np.float64(0.20483810594885513), np.float64(0.19749160122299597), np.float64(0.19586614564815302), np.float64(0.18964430071708996), np.float64(0.18560792034842927), np.float64(0.19142357323837728), np.float64(0.18462598439914585), np.float64(0.1881041810607222), np.float64(0.1881351746003368), np.float64(0.20068668129398748), np.float64(0.18689518860799575), np.float64(0.18803801720473778), np.float64(0.18025880997197438), np.float64(0.18065787815302506), np.float64(0.18782950035901236), np.float64(0.19245754845683197), np.float64(0.18438232863677162), np.float64(0.1876467331692953), np.float64(0.18259609091829201), np.float64(0.1800461833518805)]",5000,50,10,40,100,20,5,3,0.65,0.025,True,15,1.5,0.05,500,1.1,0.05,100,0.1,"{'Innovator': 0.1, 'Follower': 0.75, 'Balanced': 0.15}",2.5,0.55,0.5,0.4,0.05,0.85,0.25,0.65,0.01,0.005,0.2,0.2,0.1,0.1,15,0.2,CautiousFollowers_LowActivity,4.5,-1595.1351096828112
"{'POTENTIAL_USER_POOL_SIZE': 5000, 'INITIAL_ACTIVE_USERS': 50, 'NUM_POLITICIANS': 10, 'SIMULATION_STEPS': 40, 'INITIAL_USER_BALANCE_MEAN': 100, 'INITIAL_USER_BALANCE_STDDEV': 20, 'COST_SUBMIT_FIRST_TIME_WORD': 5, 'COST_AGREE_OR_RESUBMIT': 3, 'REWARD_TO_ORIGINAL_SUBMITTER_SHARE': 0.65, 'POPULARITY_DECAY_RATE': 0.025, 'ENABLE_CHURN': True, 'CHURN_INACTIVITY_THRESHOLD_STEPS': 15, 'CHURN_LOW_BALANCE_THRESHOLD_MULTIPLIER': 1.5, 'CHURN_BASE_PROB_IF_CONDITIONS_MET': 0.05, 'FINITE_DICTIONARY_SIZE': 500, 'ZIPFIAN_ALPHA': 1.1, 'INNOVATOR_OUT_OF_DICTIONARY_CHANCE': 0.05, 'COMMON_WORD_VOCAB_SIZE': 100, 'INNOVATOR_RARE_WORD_CHANCE': 0.1, 'USER_ARCHETYPES_DIST': {'Innovator': 0.2, 'Follower': 0.65, 'Balanced': 0.15}, 'FOLLOWER_POPULARITY_BIAS_FACTOR': 2.0, 'USER_ACTIVITY_RATE_ON_PLATFORM': 0.7, 'INNOVATOR_PROB_NEW_CONCEPT': 0.6, 'INNOVATOR_PROB_AGREE': 0.3, 'FOLLOWER_PROB_NEW_CONCEPT': 0.1, 'FOLLOWER_PROB_AGREE': 0.8, 'BALANCED_PROB_NEW_CONCEPT': 0.35, 'BALANCED_PROB_AGREE': 0.55, 'BASE_ATTRACTIVENESS_NO_USERS': 0.03, 'BASE_ATTRACTIVENESS_WITH_USERS': 0.02, 'ATTRACT_REWARD_SENSITIVITY': 0.3, 'ATTRACT_ACTIVITY_SENSITIVITY': 0.4, 'ATTRACT_FAIRNESS_SENSITIVITY': 0.15, 'ATTRACT_BALANCE_SENSITIVITY': 0.2, 'POPULARITY_THRESHOLD_BASE': 15, 'PLATFORM_RAKE_PERCENTAGE': 0.4, 'EMPIRICAL_CASE_SCENARIO': 'BaselineEngagement', 'CHURN_LOW_BALANCE_THRESHOLD': 4.5}",1335,19507.600000005354,2065.74374999997,64.91179532111273,65.53363945426122,0.26597494646027,1.5730337078651686,15307,0.5947468624936861,1424,16,69,"[71, 91, 120, 147, 183, 209, 234, 264, 290, 317, 347, 376, 398, 418, 440, 470, 500, 528, 555, 589, 615, 652, 685, 716, 752, 784, 823, 857, 889, 928, 970, 1005, 1046, 1087, 1133, 1170, 1202, 1245, 1296, 1335]","[np.float64(0.3531818296282033), np.float64(0.387046419507125), np.float64(0.41140845226278916), np.float64(0.5484464182778737), np.float64(0.4509629298771089), np.float64(0.46638164386450803), np.float64(0.4429141766943283), np.float64(0.4356930183899514), np.float64(0.42740917153044483), np.float64(0.415566122514755), np.float64(0.42168438310795126), np.float64(0.4100265436268809), np.float64(0.41636649916592433), np.float64(0.41253462591587464), np.float64(0.42052195000905485), np.float64(0.40617288585177597), np.float64(0.4031527456778646), np.float64(0.4173918973390911), np.float64(0.412378875310927), np.float64(0.41144048587295146), np.float64(0.39946776145329665), np.float64(0.3885887129350981), np.float64(0.3932649439575364), np.float64(0.40060795586193876), np.float64(0.4043102359482944), np.float64(0.3946528280078364), np.float64(0.39814241998762334), np.float64(0.38981995063006614), np.float64(0.39235945653177506), np.float64(0.39055670765661243), np.float64(0.3914672051868983), np.float64(0.39867842446329926), np.float64(0.3918398070160674), np.float64(0.39023225606819334), np.float64(0.3800093868188352), np.float64(0.38284500502934565), np.float64(0.39723735214437056), np.float64(0.3884327444936569), np.float64(0.38425730131992736), np.float64(0.3930022633805511)]",5000,50,10,40,100,20,5,3,0.65,0.025,True,15,1.5,0.05,500,1.1,0.05,100,0.1,"{'Innovator': 0.2, 'Follower': 0.65, 'Balanced': 0.15}",2.0,0.7,0.6,0.3,0.1,0.8,0.35,0.55,0.03,0.02,0.3,0.4,0.15,0.2,15,0.4,BaselineEngagement,4.5,2064.3431045549623
"{'POTENTIAL_USER_POOL_SIZE': 5000, 'INITIAL_ACTIVE_USERS': 50, 'NUM_POLITICIANS': 10, 'SIMULATION_STEPS': 40, 'INITIAL_USER_BALANCE_MEAN': 100, 'INITIAL_USER_BALANCE_STDDEV': 20, 'COST_SUBMIT_FIRST_TIME_WORD': 5, 'COST_AGREE_OR_RESUBMIT': 3, 'REWARD_TO_ORIGINAL_SUBMITTER_SHARE': 0.65, 'POPULARITY_DECAY_RATE': 0.025, 'ENABLE_CHURN': True, 'CHURN_INACTIVITY_THRESHOLD_STEPS': 15, 'CHURN_LOW_BALANCE_THRESHOLD_MULTIPLIER': 1.5, 'CHURN_BASE_PROB_IF_CONDITIONS_MET': 0.05, 'FINITE_DICTIONARY_SIZE': 500, 'ZIPFIAN_ALPHA': 1.1, 'INNOVATOR_OUT_OF_DICTIONARY_CHANCE': 0.05, 'COMMON_WORD_VOCAB_SIZE': 100, 'INNOVATOR_RARE_WORD_CHANCE': 0.1, 'USER_ARCHETYPES_DIST': {'Innovator': 0.25, 'Follower': 0.55, 'Balanced': 0.2}, 'FOLLOWER_POPULARITY_BIAS_FACTOR': 1.8, 'USER_ACTIVITY_RATE_ON_PLATFORM': 0.8, 'INNOVATOR_PROB_NEW_CONCEPT': 0.65, 'INNOVATOR_PROB_AGREE': 0.25, 'FOLLOWER_PROB_NEW_CONCEPT': 0.15, 'FOLLOWER_PROB_AGREE': 0.75, 'BALANCED_PROB_NEW_CONCEPT': 0.4, 'BALANCED_PROB_AGREE': 0.5, 'BASE_ATTRACTIVENESS_NO_USERS': 0.05, 'BASE_ATTRACTIVENESS_WITH_USERS': 0.03, 'ATTRACT_REWARD_SENSITIVITY': 0.5, 'ATTRACT_ACTIVITY_SENSITIVITY': 0.5, 'ATTRACT_FAIRNESS_SENSITIVITY': 0.2, 'ATTRACT_BALANCE_SENSITIVITY': 0.3, 'POPULARITY_THRESHOLD_BASE': 15, 'PLATFORM_RAKE_PERCENTAGE': 0.4, 'EMPIRICAL_CASE_SCENARIO': 'HighEngagement_RewardDriven', 'CHURN_LOW_BALANCE_THRESHOLD': 4.5}",1626,25889.20000000868,3325.458794117585,63.78616390178059,65.0143530273623,0.27800480632419855,2.4600246002460024,20191,0.6765967428456537,2075,25,113,"[73, 100, 129, 164, 197, 227, 261, 288, 314, 342, 370, 394, 421, 456, 489, 528, 571, 606, 642, 681, 710, 739, 791, 832, 872, 913, 951, 986, 1026, 1081, 1130, 1171, 1227, 1280, 1337, 1395, 1449, 1505, 1568, 1626]","[np.float64(0.4880990670456256), np.float64(0.4860601424370299), np.float64(0.48089760606061493), np.float64(0.607072812742276), np.float64(0.579742521018759), np.float64(0.5294824292293087), np.float64(0.5435855932998681), np.float64(0.48720828719498077), np.float64(0.47816496512813483), np.float64(0.4698243136958192), np.float64(0.4492622777993311), np.float64(0.47111212964093396), np.float64(0.45515251612960345), np.float64(0.46261186651605923), np.float64(0.4589305541400476), np.float64(0.46450301599395416), np.float64(0.4319934890845766), np.float64(0.45539686116517025), np.float64(0.44650165016501653), np.float64(0.44464174454828664), np.float64(0.43000000000000005), np.float64(0.4436619718309859), np.float64(0.4689715832205683), np.float64(0.4507912545549193), np.float64(0.4412980769230769), np.float64(0.4468577981651376), np.float64(0.44610076670317633), np.float64(0.4507150368033649), np.float64(0.4349526707234618), np.float64(0.4489083820662768), np.float64(0.44387604070305275), np.float64(0.45981445427728607), np.float64(0.45116196982635925), np.float64(0.44988590057049715), np.float64(0.46477165564558964), np.float64(0.4423710826632502), np.float64(0.440770826974507), np.float64(0.45272498101068426), np.float64(0.4382339807317599), np.float64(0.43322266414244714)]",5000,50,10,40,100,20,5,3,0.65,0.025,True,15,1.5,0.05,500,1.1,0.05,100,0.1,"{'Innovator': 0.25, 'Follower': 0.55, 'Balanced': 0.2}",1.8,0.8,0.65,0.25,0.15,0.75,0.4,0.5,0.05,0.03,0.5,0.5,0.2,0.3,15,0.4,HighEngagement_RewardDriven,4.5,3769.315066517857
"{'POTENTIAL_USER_POOL_SIZE': 5000, 'INITIAL_ACTIVE_USERS': 50, 'NUM_POLITICIANS': 10, 'SIMULATION_STEPS': 40, 'INITIAL_USER_BALANCE_MEAN': 100, 'INITIAL_USER_BALANCE_STDDEV': 20, 'COST_SUBMIT_FIRST_TIME_WORD': 5, 'COST_AGREE_OR_RESUBMIT': 3, 'REWARD_TO_ORIGINAL_SUBMITTER_SHARE': 0.65, 'POPULARITY_DECAY_RATE': 0.025, 'ENABLE_CHURN': True, 'CHURN_INACTIVITY_THRESHOLD_STEPS': 15, 'CHURN_LOW_BALANCE_THRESHOLD_MULTIPLIER': 1.5, 'CHURN_BASE_PROB_IF_CONDITIONS_MET': 0.05, 'FINITE_DICTIONARY_SIZE': 500, 'ZIPFIAN_ALPHA': 1.1, 'INNOVATOR_OUT_OF_DICTIONARY_CHANCE': 0.05, 'COMMON_WORD_VOCAB_SIZE': 100, 'INNOVATOR_RARE_WORD_CHANCE': 0.1, 'USER_ARCHETYPES_DIST': {'Innovator': 0.1, 'Follower': 0.75, 'Balanced': 0.15}, 'FOLLOWER_POPULARITY_BIAS_FACTOR': 2.5, 'USER_ACTIVITY_RATE_ON_PLATFORM': 0.55, 'INNOVATOR_PROB_NEW_CONCEPT': 0.5, 'INNOVATOR_PROB_AGREE': 0.4, 'FOLLOWER_PROB_NEW_CONCEPT': 0.05, 'FOLLOWER_PROB_AGREE': 0.85, 'BALANCED_PROB_NEW_CONCEPT': 0.25, 'BALANCED_PROB_AGREE': 0.65, 'BASE_ATTRACTIVENESS_NO_USERS': 0.01, 'BASE_ATTRACTIVENESS_WITH_USERS': 0.005, 'ATTRACT_REWARD_SENSITIVITY': 0.2, 'ATTRACT_ACTIVITY_SENSITIVITY': 0.2, 'ATTRACT_FAIRNESS_SENSITIVITY': 0.1, 'ATTRACT_BALANCE_SENSITIVITY': 0.1, 'POPULARITY_THRESHOLD_BASE': 15, 'PLATFORM_RAKE_PERCENTAGE': 0.4, 'EMPIRICAL_CASE_SCENARIO': 'CautiousFollowers_LowActivity', 'CHURN_LOW_BALANCE_THRESHOLD': 4.5}",547,6997.999999999383,615.6600000000041,69.32533868426505,69.1811045464051,0.22063274439928424,0.0,5547,0.4664872592717181,427,9,21,"[56, 61, 75, 82, 98, 115, 128, 140, 151, 166, 178, 191, 204, 216, 231, 240, 249, 263, 277, 287, 298, 309, 322, 332, 349, 363, 383, 394, 404, 415, 434, 447, 463, 474, 485, 497, 509, 522, 536, 547]","[np.float64(0.15291713332030005), np.float64(0.158364489100739), np.float64(0.18353237338239148), np.float64(0.17550225646432893), np.float64(0.2023977089857095), np.float64(0.22905728912900727), np.float64(0.24590992806050932), np.float64(0.23637837235519196), np.float64(0.20507911160609588), np.float64(0.22215926195017044), np.float64(0.21792481577746362), np.float64(0.19978295707139984), np.float64(0.20393649973631983), np.float64(0.1969179215929574), np.float64(0.19307989779988302), np.float64(0.19878341802399688), np.float64(0.19300160180104606), np.float64(0.20085027607310665), np.float64(0.1967444574522618), np.float64(0.19182610154234106), np.float64(0.19263961586001374), np.float64(0.18967188528454787), np.float64(0.18709776965141628), np.float64(0.19895477872104744), np.float64(0.19405596809885228), np.float64(0.18978620992812678), np.float64(0.18679400231834015), np.float64(0.1909616132407003), np.float64(0.19225705684471553), np.float64(0.1923770365402108), np.float64(0.18550993857522152), np.float64(0.1866092732304176), np.float64(0.18536782858200612), np.float64(0.1903769366936687), np.float64(0.1853398641460548), np.float64(0.18513366934746095), np.float64(0.18307948020480388), np.float64(0.18706778123200274), np.float64(0.1839991815887887), np.float64(0.18714287664131862)]",5000,50,10,40,100,20,5,3,0.65,0.025,True,15,1.5,0.05,500,1.1,0.05,100,0.1,"{'Innovator': 0.1, 'Follower': 0.75, 'Balanced': 0.15}",2.5,0.55,0.5,0.4,0.05,0.85,0.25,0.65,0.01,0.005,0.2,0.2,0.1,0.1,15,0.4,CautiousFollowers_LowActivity,4.5,-1750.3970412641277
